keyword;frequency;source;note
api авито;878;Wordstat;широкий технический спрос
заявки с авито;260;Wordstat;верх воронки, подходит для статьи
горячий лид на авито что это;241;Wordstat;информационный хвост, частично релевантен
амо срм авито;105;Wordstat;продуктовый запрос
что такое лиды на авито;102;Wordstat;информационный хвост, частично релевантен
amocrm авито;67;Wordstat;продуктовый запрос
api ключ авито;52;Wordstat;технический спрос
авито объявления api;45;Wordstat;технический/каталог объявлений
crm для авито;45;Wordstat;коммерческий запрос
документация api авито;41;Wordstat;технический спрос
api интеграция авито;39;Wordstat;технический коммерческий
срм для авито;37;Wordstat;коммерческий запрос
получить api авито как;33;Wordstat;технический спрос
авито crm интеграция;31;Wordstat;коммерческий запрос
интеграции авито с срм;31;Wordstat;коммерческий запрос
api мессенджер авито тарифы;16;Wordstat;мессенджер/API
интеграция авито и amocrm;15;Wordstat;продуктовый запрос
crm системы авито;14;Wordstat;коммерческий запрос
авито срм система;14;Wordstat;коммерческий запрос
как получать заявки с авито;10;Wordstat;верх воронки
перехват лидов авито;9;Wordstat;спорный запрос, осторожно с формулировками
messenger api авито;8;Wordstat;мессенджер/API
api мессенджер авито что это;6;Wordstat;мессенджер/API
amocrm интеграция с авито;н/д;Yandex Suggest;продуктовый запрос
интеграция авито и amocrm;н/д;Yandex Suggest;продуктовый запрос
как подключить авито к амо срм;18;Wordstat + Suggest;продуктовый запрос
амо срм интеграция с авито;н/д;Yandex Suggest;продуктовый запрос
интеграция авито и амо срм;18;Wordstat + Suggest;продуктовый запрос
интеграция амо срм и авито;н/д;Yandex Suggest;продуктовый запрос
авито интеграция с амо срм;н/д;Yandex Suggest;продуктовый запрос
интеграция amocrm и авито;н/д;Yandex Suggest;продуктовый запрос
интеграция авито с amocrm;н/д;Yandex Suggest;продуктовый запрос
авито crm;н/д;Yandex Suggest;широкий запрос, много шума
авито срм;н/д;Yandex Suggest;коммерческий запрос
лиды авито;н/д;Yandex Suggest;много шума, чистить вручную
лиды на авито что это;н/д;Yandex Suggest;информационный хвост
лиды на авито;н/д;Yandex Suggest;информационный хвост
авито api документация;н/д;Yandex Suggest;технический спрос
как получить api авито;н/д;Yandex Suggest;технический спрос
api авито что это;н/д;Yandex Suggest;технический спрос
есть ли у авито api;17;Wordstat + Suggest;технический спрос
авито апи;н/д;Yandex Suggest;синоним
авито апи документация;н/д;Yandex Suggest;синоним
что такое api мессенджер авито;н/д;Yandex Suggest;мессенджер/API
авито лиды в срм;0;Wordstat;логический long-tail, частотности нет
авито заявки crm;0;Wordstat;логический long-tail, частотности нет
авито сообщения в срм;0;Wordstat;логический long-tail, частотности нет
авито чат в crm;н/д;Yandex Suggest;логический long-tail
авито чат amocrm;н/д;Yandex Suggest;логический long-tail
авито заявки amocrm;н/д;Yandex Suggest;логический long-tail
