cluster_id;article_topic;intent;keyword;frequency
"1";"Автоматизация бизнеса: что это, зачем нужна и с чего начать";"информационный верх воронки";"автоматизация бизнеса";"12 236"
"2";"Автоматизация бизнес-процессов: этапы, моделирование, анализ и оптимизация";"методология и проектирование";"автоматизация бизнес процессов";"6 461"
"3";"Системы и инструменты автоматизации бизнеса: CRM, ERP, 1C, RPA и ИИ";"выбор решений и технологий";"системы автоматизации бизнеса";"1 701"
"5";"Автоматизация малого и среднего бизнеса: продажи, учет, производство, торговля и услуги";"прикладные сценарии по типам бизнеса";"автоматизация управления бизнесом";"1 218"
"3";"Системы и инструменты автоматизации бизнеса: CRM, ERP, 1C, RPA и ИИ";"выбор решений и технологий";"система автоматизации бизнес процессов";"1 118"
"4";"Внедрение автоматизации бизнеса под ключ: как выбрать подрядчика и не потерять деньги";"коммерческий выбор подрядчика";"компания автоматизация бизнеса";"1 093"
"3";"Системы и инструменты автоматизации бизнеса: CRM, ERP, 1C, RPA и ИИ";"выбор решений и технологий";"автоматизация бизнес технологий";"1 026"
"3";"Системы и инструменты автоматизации бизнеса: CRM, ERP, 1C, RPA и ИИ";"выбор решений и технологий";"бизнес автоматизации управления процесса";"864"
"1";"Автоматизация бизнеса: что это, зачем нужна и с чего начать";"информационный верх воронки";"автоматизация бизнес решений";"758"
"3";"Системы и инструменты автоматизации бизнеса: CRM, ERP, 1C, RPA и ИИ";"выбор решений и технологий";"автоматизация информационного бизнеса";"757"
"3";"Системы и инструменты автоматизации бизнеса: CRM, ERP, 1C, RPA и ИИ";"выбор решений и технологий";"технологии автоматизации бизнес процессов";"743"
"3";"Системы и инструменты автоматизации бизнеса: CRM, ERP, 1C, RPA и ИИ";"выбор решений и технологий";"автоматизации бизнес процессов компании";"735"
"3";"Системы и инструменты автоматизации бизнеса: CRM, ERP, 1C, RPA и ИИ";"выбор решений и технологий";"задачи автоматизации бизнеса";"689"
"4";"Внедрение автоматизации бизнеса под ключ: как выбрать подрядчика и не потерять деньги";"коммерческий выбор подрядчика";"автоматизация бизнес процессов внедрение";"672"
"2";"Автоматизация бизнес-процессов: этапы, моделирование, анализ и оптимизация";"методология и проектирование";"автоматизация бизнес анализа";"652"
"5";"Автоматизация малого и среднего бизнеса: продажи, учет, производство, торговля и услуги";"прикладные сценарии по типам бизнеса";"автоматизации бизнес процессов предприятия";"597"
"3";"Системы и инструменты автоматизации бизнеса: CRM, ERP, 1C, RPA и ИИ";"выбор решений и технологий";"автоматизация бизнеса работа";"579"
"4";"Внедрение автоматизации бизнеса под ключ: как выбрать подрядчика и не потерять деньги";"коммерческий выбор подрядчика";"ооо автоматизация бизнеса";"554"
"3";"Системы и инструменты автоматизации бизнеса: CRM, ERP, 1C, RPA и ИИ";"выбор решений и технологий";"автоматизация бизнеса 1с";"546"
"2";"Автоматизация бизнес-процессов: этапы, моделирование, анализ и оптимизация";"методология и проектирование";"автоматизация бизнес процессов решения";"529"
"2";"Автоматизация бизнес-процессов: этапы, моделирование, анализ и оптимизация";"методология и проектирование";"оптимизация автоматизация бизнеса";"517"
"5";"Автоматизация малого и среднего бизнеса: продажи, учет, производство, торговля и услуги";"прикладные сценарии по типам бизнеса";"автоматизация организации бизнеса";"514"
"5";"Автоматизация малого и среднего бизнеса: продажи, учет, производство, торговля и услуги";"прикладные сценарии по типам бизнеса";"автоматизация малого бизнеса";"507"
"3";"Системы и инструменты автоматизации бизнеса: CRM, ERP, 1C, RPA и ИИ";"выбор решений и технологий";"анализ автоматизации бизнес процессов";"502"
"4";"Внедрение автоматизации бизнеса под ключ: как выбрать подрядчика и не потерять деньги";"коммерческий выбор подрядчика";"автоматизация бизнеса разработка";"492"
"2";"Автоматизация бизнес-процессов: этапы, моделирование, анализ и оптимизация";"методология и проектирование";"оптимизация бизнес процессов автоматизация";"488"
"5";"Автоматизация малого и среднего бизнеса: продажи, учет, производство, торговля и услуги";"прикладные сценарии по типам бизнеса";"автоматизация учета бизнеса";"466"
"5";"Автоматизация малого и среднего бизнеса: продажи, учет, производство, торговля и услуги";"прикладные сценарии по типам бизнеса";"автоматизация бизнес процессов организации";"462"
"2";"Автоматизация бизнес-процессов: этапы, моделирование, анализ и оптимизация";"методология и проектирование";"автоматизация бизнес процессов задачи";"442"
"5";"Автоматизация малого и среднего бизнеса: продажи, учет, производство, торговля и услуги";"прикладные сценарии по типам бизнеса";"автоматизация систем управления бизнесом";"432"
"4";"Внедрение автоматизации бизнеса под ключ: как выбрать подрядчика и не потерять деньги";"коммерческий выбор подрядчика";"автоматизация бизнеса помощь";"415"
"3";"Системы и инструменты автоматизации бизнеса: CRM, ERP, 1C, RPA и ИИ";"выбор решений и технологий";"платформа автоматизации бизнеса";"406"
"3";"Системы и инструменты автоматизации бизнеса: CRM, ERP, 1C, RPA и ИИ";"выбор решений и технологий";"автоматизация информационных систем бизнес процессов";"402"
"1";"Автоматизация бизнеса: что это, зачем нужна и с чего начать";"информационный верх воронки";"автоматизация бизнес проектов";"393"
"3";"Системы и инструменты автоматизации бизнеса: CRM, ERP, 1C, RPA и ИИ";"выбор решений и технологий";"инструменты автоматизации бизнеса";"375"
"2";"Автоматизация бизнес-процессов: этапы, моделирование, анализ и оптимизация";"методология и проектирование";"1 автоматизация бизнес процессов";"367"
"1";"Автоматизация бизнеса: что это, зачем нужна и с чего начать";"информационный верх воронки";"современная автоматизация бизнеса";"364"
"4";"Внедрение автоматизации бизнеса под ключ: как выбрать подрядчика и не потерять деньги";"коммерческий выбор подрядчика";"разработка автоматизации бизнес процессов";"350"
"5";"Автоматизация малого и среднего бизнеса: продажи, учет, производство, торговля и услуги";"прикладные сценарии по типам бизнеса";"бизнес автоматизация производства";"342"
"3";"Системы и инструменты автоматизации бизнеса: CRM, ERP, 1C, RPA и ИИ";"выбор решений и технологий";"эффективность автоматизации бизнес процессов";"315"
"2";"Автоматизация бизнес-процессов: этапы, моделирование, анализ и оптимизация";"методология и проектирование";"автоматизация бизнес моделирования";"314"
"2";"Автоматизация бизнес-процессов: этапы, моделирование, анализ и оптимизация";"методология и проектирование";"автоматизация моделирования бизнес процессов";"310"
"5";"Автоматизация малого и среднего бизнеса: продажи, учет, производство, торговля и услуги";"прикладные сценарии по типам бизнеса";"автоматизация бизнес процесса клиента";"290"
"4";"Внедрение автоматизации бизнеса под ключ: как выбрать подрядчика и не потерять деньги";"коммерческий выбор подрядчика";"автоматизация бизнеса сервис";"282"
"4";"Внедрение автоматизации бизнеса под ключ: как выбрать подрядчика и не потерять деньги";"коммерческий выбор подрядчика";"автоматизация бизнеса краснодар";"282"
"5";"Автоматизация малого и среднего бизнеса: продажи, учет, производство, торговля и услуги";"прикладные сценарии по типам бизнеса";"автоматизация бизнеса продажи";"277"
"3";"Системы и инструменты автоматизации бизнеса: CRM, ERP, 1C, RPA и ИИ";"выбор решений и технологий";"автоматизация и цифровизация бизнеса";"277"
"3";"Системы и инструменты автоматизации бизнеса: CRM, ERP, 1C, RPA и ИИ";"выбор решений и технологий";"цели автоматизации бизнес процессов";"277"
"3";"Системы и инструменты автоматизации бизнеса: CRM, ERP, 1C, RPA и ИИ";"выбор решений и технологий";"ai автоматизация бизнеса";"276"
"3";"Системы и инструменты автоматизации бизнеса: CRM, ERP, 1C, RPA и ИИ";"выбор решений и технологий";"проекты автоматизации бизнес процессов";"276"
"3";"Системы и инструменты автоматизации бизнеса: CRM, ERP, 1C, RPA и ИИ";"выбор решений и технологий";"платформы автоматизации бизнес процессов";"270"
"3";"Системы и инструменты автоматизации бизнеса: CRM, ERP, 1C, RPA и ИИ";"выбор решений и технологий";"цифровые технологии автоматизации бизнеса";"268"
"1";"Автоматизация бизнеса: что это, зачем нужна и с чего начать";"информационный верх воронки";"комплексная автоматизация бизнеса";"266"
"2";"Автоматизация бизнес-процессов: этапы, моделирование, анализ и оптимизация";"методология и проектирование";"автоматизация основных бизнес процессов";"262"
"3";"Системы и инструменты автоматизации бизнеса: CRM, ERP, 1C, RPA и ИИ";"выбор решений и технологий";"ии автоматизация бизнес процессов";"262"
"3";"Системы и инструменты автоматизации бизнеса: CRM, ERP, 1C, RPA и ИИ";"выбор решений и технологий";"автоматизация бизнеса процессов 1с";"261"
"3";"Системы и инструменты автоматизации бизнеса: CRM, ERP, 1C, RPA и ИИ";"выбор решений и технологий";"crm автоматизация бизнеса";"260"
"4";"Внедрение автоматизации бизнеса под ключ: как выбрать подрядчика и не потерять деньги";"коммерческий выбор подрядчика";"центр автоматизации бизнеса";"253"
"3";"Системы и инструменты автоматизации бизнеса: CRM, ERP, 1C, RPA и ИИ";"выбор решений и технологий";"инструменты автоматизации бизнес процессов";"252"
"3";"Системы и инструменты автоматизации бизнеса: CRM, ERP, 1C, RPA и ИИ";"выбор решений и технологий";"уровни автоматизации бизнеса";"251"
"3";"Системы и инструменты автоматизации бизнеса: CRM, ERP, 1C, RPA и ИИ";"выбор решений и технологий";"автоматизация бизнеса rpa";"248"
"3";"Системы и инструменты автоматизации бизнеса: CRM, ERP, 1C, RPA и ИИ";"выбор решений и технологий";"автоматизация бизнеса искусственный интеллект";"246"
"3";"Системы и инструменты автоматизации бизнеса: CRM, ERP, 1C, RPA и ИИ";"выбор решений и технологий";"erp автоматизация бизнеса";"246"
"1";"Автоматизация бизнеса: что это, зачем нужна и с чего начать";"информационный верх воронки";"автоматизация бизнеса обучение";"236"
"3";"Системы и инструменты автоматизации бизнеса: CRM, ERP, 1C, RPA и ИИ";"выбор решений и технологий";"модель автоматизации бизнес процессов";"231"
"5";"Автоматизация малого и среднего бизнеса: продажи, учет, производство, торговля и услуги";"прикладные сценарии по типам бизнеса";"автоматизация бизнес процессов производства";"231"
"3";"Системы и инструменты автоматизации бизнеса: CRM, ERP, 1C, RPA и ИИ";"выбор решений и технологий";"автоматизация и цифровая трансформация бизнеса";"228"
"1";"Автоматизация бизнеса: что это, зачем нужна и с чего начать";"информационный верх воронки";"автоматизация бизнес аналитики";"222"
"1";"Автоматизация бизнеса: что это, зачем нужна и с чего начать";"информационный верх воронки";"бизнес аналитика автоматизация";"222"
"3";"Системы и инструменты автоматизации бизнеса: CRM, ERP, 1C, RPA и ИИ";"выбор решений и технологий";"информационные системы для автоматизации бизнеса";"222"
"3";"Системы и инструменты автоматизации бизнеса: CRM, ERP, 1C, RPA и ИИ";"выбор решений и технологий";"ии автоматизация для бизнеса";"222"
"4";"Внедрение автоматизации бизнеса под ключ: как выбрать подрядчика и не потерять деньги";"коммерческий выбор подрядчика";"услуга автоматизация бизнеса";"220"
"2";"Автоматизация бизнес-процессов: этапы, моделирование, анализ и оптимизация";"методология и проектирование";"интеграция и автоматизация бизнес процессов";"219"
"5";"Автоматизация малого и среднего бизнеса: продажи, учет, производство, торговля и услуги";"прикладные сценарии по типам бизнеса";"системы автоматизации бизнес процессов предприятия";"217"
"1";"Автоматизация бизнеса: что это, зачем нужна и с чего начать";"информационный верх воронки";"ит автоматизация бизнеса";"216"
"5";"Автоматизация малого и среднего бизнеса: продажи, учет, производство, торговля и услуги";"прикладные сценарии по типам бизнеса";"автоматизация интернет бизнеса";"209"
"3";"Системы и инструменты автоматизации бизнеса: CRM, ERP, 1C, RPA и ИИ";"выбор решений и технологий";"автоматизация и цифровизация бизнес процессов";"209"
"2";"Автоматизация бизнес-процессов: этапы, моделирование, анализ и оптимизация";"методология и проектирование";"автоматизация бизнес процессов основы";"207"
"5";"Автоматизация малого и среднего бизнеса: продажи, учет, производство, торговля и услуги";"прикладные сценарии по типам бизнеса";"автоматизация бизнес планирования";"203"
"4";"Внедрение автоматизации бизнеса под ключ: как выбрать подрядчика и не потерять деньги";"коммерческий выбор подрядчика";"автоматизация бизнес процессов с помощью";"198"
"4";"Внедрение автоматизации бизнеса под ключ: как выбрать подрядчика и не потерять деньги";"коммерческий выбор подрядчика";"разработка систем автоматизации бизнеса";"197"
"3";"Системы и инструменты автоматизации бизнеса: CRM, ERP, 1C, RPA и ИИ";"выбор решений и технологий";"варианты автоматизации бизнес процессов";"191"
"2";"Автоматизация бизнес-процессов: этапы, моделирование, анализ и оптимизация";"методология и проектирование";"автоматизация бизнес процессов обучение";"186"
"3";"Системы и инструменты автоматизации бизнеса: CRM, ERP, 1C, RPA и ИИ";"выбор решений и технологий";"уровень автоматизации бизнес процесса";"185"
"4";"Внедрение автоматизации бизнеса под ключ: как выбрать подрядчика и не потерять деньги";"коммерческий выбор подрядчика";"технологии автоматизация бизнес компания";"182"
"1";"Автоматизация бизнеса: что это, зачем нужна и с чего начать";"информационный верх воронки";"полная автоматизация бизнеса";"181"
"3";"Системы и инструменты автоматизации бизнеса: CRM, ERP, 1C, RPA и ИИ";"выбор решений и технологий";"автоматизация бизнеса 1 с";"178"
"1";"Автоматизация бизнеса: что это, зачем нужна и с чего начать";"информационный верх воронки";"автоматизация реального бизнеса";"176"
"2";"Автоматизация бизнес-процессов: этапы, моделирование, анализ и оптимизация";"методология и проектирование";"автоматизация бизнес процессов позволяет";"175"
"4";"Внедрение автоматизации бизнеса под ключ: как выбрать подрядчика и не потерять деньги";"коммерческий выбор подрядчика";"автоматизация бизнеса с помощью ии";"175"
"4";"Внедрение автоматизации бизнеса под ключ: как выбрать подрядчика и не потерять деньги";"коммерческий выбор подрядчика";"автоматизация бизнеса специалисты";"173"
"3";"Системы и инструменты автоматизации бизнеса: CRM, ERP, 1C, RPA и ИИ";"выбор решений и технологий";"crm система автоматизация бизнеса";"170"
"3";"Системы и инструменты автоматизации бизнеса: CRM, ERP, 1C, RPA и ИИ";"выбор решений и технологий";"направления автоматизации бизнес процессов";"169"
"5";"Автоматизация малого и среднего бизнеса: продажи, учет, производство, торговля и услуги";"прикладные сценарии по типам бизнеса";"автоматизация среднего бизнеса";"169"
"3";"Системы и инструменты автоматизации бизнеса: CRM, ERP, 1C, RPA и ИИ";"выбор решений и технологий";"рынок автоматизации бизнеса";"165"
"3";"Системы и инструменты автоматизации бизнеса: CRM, ERP, 1C, RPA и ИИ";"выбор решений и технологий";"боты автоматизации бизнеса";"161"
"3";"Системы и инструменты автоматизации бизнеса: CRM, ERP, 1C, RPA и ИИ";"выбор решений и технологий";"бизнес автоматизация оборудования";"154"
"3";"Системы и инструменты автоматизации бизнеса: CRM, ERP, 1C, RPA и ИИ";"выбор решений и технологий";"бизнес сфере автоматизации";"152"
"5";"Автоматизация малого и среднего бизнеса: продажи, учет, производство, торговля и услуги";"прикладные сценарии по типам бизнеса";"автоматизация учета и управления бизнеса";"151"
"5";"Автоматизация малого и среднего бизнеса: продажи, учет, производство, торговля и услуги";"прикладные сценарии по типам бизнеса";"автоматизация бизнес процессов управления предприятием";"150"
"3";"Системы и инструменты автоматизации бизнеса: CRM, ERP, 1C, RPA и ИИ";"выбор решений и технологий";"crm автоматизация бизнес процессов";"150"
"2";"Автоматизация бизнес-процессов: этапы, моделирование, анализ и оптимизация";"методология и проектирование";"моделирование анализ и автоматизация бизнес процессов";"150"
"4";"Внедрение автоматизации бизнеса под ключ: как выбрать подрядчика и не потерять деньги";"коммерческий выбор подрядчика";"ооо система бизнес автоматизация";"149"
"3";"Системы и инструменты автоматизации бизнеса: CRM, ERP, 1C, RPA и ИИ";"выбор решений и технологий";"программа для автоматизации бизнеса";"149"
"2";"Автоматизация бизнес-процессов: этапы, моделирование, анализ и оптимизация";"методология и проектирование";"комплексная автоматизация бизнес процессов";"146"
"3";"Системы и инструменты автоматизации бизнеса: CRM, ERP, 1C, RPA и ИИ";"выбор решений и технологий";"облачная автоматизация бизнеса";"146"
"1";"Автоматизация бизнеса: что это, зачем нужна и с чего начать";"информационный верх воронки";"автоматизация бизнеса онлайн";"146"
"4";"Внедрение автоматизации бизнеса под ключ: как выбрать подрядчика и не потерять деньги";"коммерческий выбор подрядчика";"разработка систем автоматизации бизнес процессов";"144"
"5";"Автоматизация малого и среднего бизнеса: продажи, учет, производство, торговля и услуги";"прикладные сценарии по типам бизнеса";"автоматизация гостиничного бизнеса";"142"
"5";"Автоматизация малого и среднего бизнеса: продажи, учет, производство, торговля и услуги";"прикладные сценарии по типам бизнеса";"автоматизация корпоративных бизнес процессов";"142"
"5";"Автоматизация малого и среднего бизнеса: продажи, учет, производство, торговля и услуги";"прикладные сценарии по типам бизнеса";"система автоматизации бизнес процессов организации";"142"
"4";"Внедрение автоматизации бизнеса под ключ: как выбрать подрядчика и не потерять деньги";"коммерческий выбор подрядчика";"фирма автоматизация бизнеса";"141"
"5";"Автоматизация малого и среднего бизнеса: продажи, учет, производство, торговля и услуги";"прикладные сценарии по типам бизнеса";"автоматизация бухгалтерского бизнеса";"140"
"2";"Автоматизация бизнес-процессов: этапы, моделирование, анализ и оптимизация";"методология и проектирование";"автоматизация бизнес процессов этапы";"139"
"4";"Внедрение автоматизации бизнеса под ключ: как выбрать подрядчика и не потерять деньги";"коммерческий выбор подрядчика";"автоматизация бизнеса ростов";"139"
"2";"Автоматизация бизнес-процессов: этапы, моделирование, анализ и оптимизация";"методология и проектирование";"ит автоматизация бизнес процессов";"139"
"3";"Системы и инструменты автоматизации бизнеса: CRM, ERP, 1C, RPA и ИИ";"выбор решений и технологий";"средства автоматизации бизнеса";"136"
"3";"Системы и инструменты автоматизации бизнеса: CRM, ERP, 1C, RPA и ИИ";"выбор решений и технологий";"программное обеспечение автоматизации бизнес процессов";"136"
"1";"Автоматизация бизнеса: что это, зачем нужна и с чего начать";"информационный верх воронки";"автоматизация бизнеса примеры";"134"
"1";"Автоматизация бизнеса: что это, зачем нужна и с чего начать";"информационный верх воронки";"автоматизация бизнеса книга";"134"
"1";"Автоматизация бизнеса: что это, зачем нужна и с чего начать";"информационный верх воронки";"автоматизация бизнес чата";"133"
"2";"Автоматизация бизнес-процессов: этапы, моделирование, анализ и оптимизация";"методология и проектирование";"автоматизация описания бизнес процессов";"132"
"4";"Внедрение автоматизации бизнеса под ключ: как выбрать подрядчика и не потерять деньги";"коммерческий выбор подрядчика";"автоматизация бизнеса москва";"131"
"1";"Автоматизация бизнеса: что это, зачем нужна и с чего начать";"информационный верх воронки";"автоматизация бизнеса преимущества";"129"
"3";"Системы и инструменты автоматизации бизнеса: CRM, ERP, 1C, RPA и ИИ";"выбор решений и технологий";"метод автоматизации бизнес процессов";"129"
"3";"Системы и инструменты автоматизации бизнеса: CRM, ERP, 1C, RPA и ИИ";"выбор решений и технологий";"бизнес план автоматизации";"129"
"4";"Внедрение автоматизации бизнеса под ключ: как выбрать подрядчика и не потерять деньги";"коммерческий выбор подрядчика";"сервис автоматизации бизнес процессов";"128"
"3";"Системы и инструменты автоматизации бизнеса: CRM, ERP, 1C, RPA и ИИ";"выбор решений и технологий";"автоматизация бизнес приложений";"127"
"5";"Автоматизация малого и среднего бизнеса: продажи, учет, производство, торговля и услуги";"прикладные сценарии по типам бизнеса";"бизнес процесс автоматизация бизнес планирования";"126"
"2";"Автоматизация бизнес-процессов: этапы, моделирование, анализ и оптимизация";"методология и проектирование";"автоматизация управленческих бизнес процессов";"126"
"5";"Автоматизация малого и среднего бизнеса: продажи, учет, производство, торговля и услуги";"прикладные сценарии по типам бизнеса";"автоматизация документооборот бизнес процессы";"125"
"5";"Автоматизация малого и среднего бизнеса: продажи, учет, производство, торговля и услуги";"прикладные сценарии по типам бизнеса";"автоматизация ресторанного бизнеса";"125"
"5";"Автоматизация малого и среднего бизнеса: продажи, учет, производство, торговля и услуги";"прикладные сценарии по типам бизнеса";"автоматизация бизнес процессов продаж";"123"
"4";"Внедрение автоматизации бизнеса под ключ: как выбрать подрядчика и не потерять деньги";"коммерческий выбор подрядчика";"заказ автоматизация бизнеса";"123"
"5";"Автоматизация малого и среднего бизнеса: продажи, учет, производство, торговля и услуги";"прикладные сценарии по типам бизнеса";"автоматизация крупного бизнеса";"119"
"1";"Автоматизация бизнеса: что это, зачем нужна и с чего начать";"информационный верх воронки";"автоматизация бизнеса сайт";"118"
"5";"Автоматизация малого и среднего бизнеса: продажи, учет, производство, торговля и услуги";"прикладные сценарии по типам бизнеса";"автоматизация малого и среднего бизнеса";"118"
"3";"Системы и инструменты автоматизации бизнеса: CRM, ERP, 1C, RPA и ИИ";"выбор решений и технологий";"программное обеспечение для автоматизации бизнеса";"115"
"3";"Системы и инструменты автоматизации бизнеса: CRM, ERP, 1C, RPA и ИИ";"выбор решений и технологий";"автоматизация управления бизнес процессов компании";"115"
"1";"Автоматизация бизнеса: что это, зачем нужна и с чего начать";"информационный верх воронки";"автоматизация бизнеса курс";"114"
"2";"Автоматизация бизнес-процессов: этапы, моделирование, анализ и оптимизация";"методология и проектирование";"автоматизация бизнес процессов определения";"113"
"3";"Системы и инструменты автоматизации бизнеса: CRM, ERP, 1C, RPA и ИИ";"выбор решений и технологий";"чат бот автоматизация бизнеса";"112"
"1";"Автоматизация бизнеса: что это, зачем нужна и с чего начать";"информационный верх воронки";"автоматизация бизнеса статьи";"111"
"3";"Системы и инструменты автоматизации бизнеса: CRM, ERP, 1C, RPA и ИИ";"выбор решений и технологий";"виды автоматизации бизнеса";"111"
"1";"Автоматизация бизнеса: что это, зачем нужна и с чего начать";"информационный верх воронки";"нужна автоматизация бизнеса";"109"
"5";"Автоматизация малого и среднего бизнеса: продажи, учет, производство, торговля и услуги";"прикладные сценарии по типам бизнеса";"оптимизация и автоматизация процессов управления бизнесом";"108"
"2";"Автоматизация бизнес-процессов: этапы, моделирование, анализ и оптимизация";"методология и проектирование";"автоматизация внутренних бизнес процессов";"107"
"3";"Системы и инструменты автоматизации бизнеса: CRM, ERP, 1C, RPA и ИИ";"выбор решений и технологий";"crm системы автоматизация бизнес процессов";"107"
"4";"Внедрение автоматизации бизнеса под ключ: как выбрать подрядчика и не потерять деньги";"коммерческий выбор подрядчика";"автоматизация бизнес процессов услуга";"106"
"5";"Автоматизация малого и среднего бизнеса: продажи, учет, производство, торговля и услуги";"прикладные сценарии по типам бизнеса";"автоматизация бизнеса торговли";"105"
"3";"Системы и инструменты автоматизации бизнеса: CRM, ERP, 1C, RPA и ИИ";"выбор решений и технологий";"искусственный интеллект и автоматизация бизнес процессов";"104"
"5";"Автоматизация малого и среднего бизнеса: продажи, учет, производство, торговля и услуги";"прикладные сценарии по типам бизнеса";"информационные системы автоматизации бизнес процессов предприятия";"102"
"3";"Системы и инструменты автоматизации бизнеса: CRM, ERP, 1C, RPA и ИИ";"выбор решений и технологий";"требования автоматизации бизнес процессов";"101"
"5";"Автоматизация малого и среднего бизнеса: продажи, учет, производство, торговля и услуги";"прикладные сценарии по типам бизнеса";"реальная автоматизация малого бизнеса";"100"
"3";"Системы и инструменты автоматизации бизнеса: CRM, ERP, 1C, RPA и ИИ";"выбор решений и технологий";"рынок автоматизации бизнес процессов";"100"
"3";"Системы и инструменты автоматизации бизнеса: CRM, ERP, 1C, RPA и ИИ";"выбор решений и технологий";"современные системы автоматизации бизнеса";"98"
"3";"Системы и инструменты автоматизации бизнеса: CRM, ERP, 1C, RPA и ИИ";"выбор решений и технологий";"средства автоматизации бизнес процессов";"95"
"3";"Системы и инструменты автоматизации бизнеса: CRM, ERP, 1C, RPA и ИИ";"выбор решений и технологий";"информационные технологии автоматизации управления бизнес процессами";"94"
"4";"Внедрение автоматизации бизнеса под ключ: как выбрать подрядчика и не потерять деньги";"коммерческий выбор подрядчика";"настройка автоматизация бизнеса";"94"
"4";"Внедрение автоматизации бизнеса под ключ: как выбрать подрядчика и не потерять деньги";"коммерческий выбор подрядчика";"автоматизация бизнеса челябинск";"93"
"2";"Автоматизация бизнес-процессов: этапы, моделирование, анализ и оптимизация";"методология и проектирование";"автоматизация бизнес процессов предназначена для";"93"
"2";"Автоматизация бизнес-процессов: этапы, моделирование, анализ и оптимизация";"методология и проектирование";"автоматизация бизнес процесса пример";"93"
"1";"Автоматизация бизнеса: что это, зачем нужна и с чего начать";"информационный верх воронки";"автоматизация вашего бизнеса";"92"
"5";"Автоматизация малого и среднего бизнеса: продажи, учет, производство, торговля и услуги";"прикладные сценарии по типам бизнеса";"реальная автоматизация малого бизнеса 1с";"92"
"3";"Системы и инструменты автоматизации бизнеса: CRM, ERP, 1C, RPA и ИИ";"выбор решений и технологий";"что такое автоматизация бизнес процессов rpa";"91"
"1";"Автоматизация бизнеса: что это, зачем нужна и с чего начать";"информационный верх воронки";"бизнес связанный с автоматизацией";"91"
"5";"Автоматизация малого и среднего бизнеса: продажи, учет, производство, торговля и услуги";"прикладные сценарии по типам бизнеса";"автоматизация бизнеса и отчетности";"91"
"4";"Внедрение автоматизации бизнеса под ключ: как выбрать подрядчика и не потерять деньги";"коммерческий выбор подрядчика";"автоматизация бизнеса инн";"91"
"3";"Системы и инструменты автоматизации бизнеса: CRM, ERP, 1C, RPA и ИИ";"выбор решений и технологий";"результаты автоматизации бизнес процессов";"89"
"3";"Системы и инструменты автоматизации бизнеса: CRM, ERP, 1C, RPA и ИИ";"выбор решений и технологий";"какие системы для автоматизации бизнеса";"87"
"3";"Системы и инструменты автоматизации бизнеса: CRM, ERP, 1C, RPA и ИИ";"выбор решений и технологий";"программы для автоматизации бизнес процессов";"85"
"3";"Системы и инструменты автоматизации бизнеса: CRM, ERP, 1C, RPA и ИИ";"выбор решений и технологий";"ai автоматизация бизнес процессов";"83"
"2";"Автоматизация бизнес-процессов: этапы, моделирование, анализ и оптимизация";"методология и проектирование";"выполнить автоматизацию бизнес процессов";"82"
"3";"Системы и инструменты автоматизации бизнеса: CRM, ERP, 1C, RPA и ИИ";"выбор решений и технологий";"системы комплексной автоматизации бизнес процессов";"79"
"2";"Автоматизация бизнес-процессов: этапы, моделирование, анализ и оптимизация";"методология и проектирование";"автоматизация бизнес процессов презентация";"79"
"3";"Системы и инструменты автоматизации бизнеса: CRM, ERP, 1C, RPA и ИИ";"выбор решений и технологий";"преимущества автоматизации бизнес процессов";"77"
"4";"Внедрение автоматизации бизнеса под ключ: как выбрать подрядчика и не потерять деньги";"коммерческий выбор подрядчика";"автоматизация бизнеса иваново";"77"
"3";"Системы и инструменты автоматизации бизнеса: CRM, ERP, 1C, RPA и ИИ";"выбор решений и технологий";"руководитель автоматизации бизнес процессов";"77"
"4";"Внедрение автоматизации бизнеса под ключ: как выбрать подрядчика и не потерять деньги";"коммерческий выбор подрядчика";"отькало автоматизация бизнес";"76"
"3";"Системы и инструменты автоматизации бизнеса: CRM, ERP, 1C, RPA и ИИ";"выбор решений и технологий";"управление проектами автоматизации бизнес процессов";"76"
"3";"Системы и инструменты автоматизации бизнеса: CRM, ERP, 1C, RPA и ИИ";"выбор решений и технологий";"автоматизация бизнеса битрикс";"76"
"3";"Системы и инструменты автоматизации бизнеса: CRM, ERP, 1C, RPA и ИИ";"выбор решений и технологий";"специалист по автоматизации бизнес процессов";"75"
"3";"Системы и инструменты автоматизации бизнеса: CRM, ERP, 1C, RPA и ИИ";"выбор решений и технологий";"проблемы автоматизации бизнес процессов";"74"
"3";"Системы и инструменты автоматизации бизнеса: CRM, ERP, 1C, RPA и ИИ";"выбор решений и технологий";"бизнес требования к автоматизации";"73"
"5";"Автоматизация малого и среднего бизнеса: продажи, учет, производство, торговля и услуги";"прикладные сценарии по типам бизнеса";"автоматизация бизнес процессов в логистике";"72"
"4";"Внедрение автоматизации бизнеса под ключ: как выбрать подрядчика и не потерять деньги";"коммерческий выбор подрядчика";"автоматизация бизнеса россия";"72"
"3";"Системы и инструменты автоматизации бизнеса: CRM, ERP, 1C, RPA и ИИ";"выбор решений и технологий";"подходы к автоматизации бизнес процессов";"71"
"4";"Внедрение автоматизации бизнеса под ключ: как выбрать подрядчика и не потерять деньги";"коммерческий выбор подрядчика";"автоматизация бизнеса сочи";"71"
"1";"Автоматизация бизнеса: что это, зачем нужна и с чего начать";"информационный верх воронки";"комплексная автоматизация бизнеса решение";"70"
"3";"Системы и инструменты автоматизации бизнеса: CRM, ERP, 1C, RPA и ИИ";"выбор решений и технологий";"автоматизация бизнес процессов приложения";"70"
"4";"Внедрение автоматизации бизнеса под ключ: как выбрать подрядчика и не потерять деньги";"коммерческий выбор подрядчика";"автоматизация бизнеса ооо процесс";"70"
"4";"Внедрение автоматизации бизнеса под ключ: как выбрать подрядчика и не потерять деньги";"коммерческий выбор подрядчика";"автоматизация бизнеса телефон";"69"
"4";"Внедрение автоматизации бизнеса под ключ: как выбрать подрядчика и не потерять деньги";"коммерческий выбор подрядчика";"автоматизация бизнеса под ключ";"69"
"3";"Системы и инструменты автоматизации бизнеса: CRM, ERP, 1C, RPA и ИИ";"выбор решений и технологий";"автоматизация бизнес процессов битрикс";"69"
"4";"Внедрение автоматизации бизнеса под ключ: как выбрать подрядчика и не потерять деньги";"коммерческий выбор подрядчика";"бизнес автоматизация отзывы";"68"
"4";"Внедрение автоматизации бизнеса под ключ: как выбрать подрядчика и не потерять деньги";"коммерческий выбор подрядчика";"автоматизация бизнес процессов отькало";"68"
"3";"Системы и инструменты автоматизации бизнеса: CRM, ERP, 1C, RPA и ИИ";"выбор решений и технологий";"опыт автоматизации бизнес процессов";"68"
"1";"Автоматизация бизнеса: что это, зачем нужна и с чего начать";"информационный верх воронки";"автоматизация любого бизнеса";"68"
"3";"Системы и инструменты автоматизации бизнеса: CRM, ERP, 1C, RPA и ИИ";"выбор решений и технологий";"автоматизация бизнеса нейросети";"67"
"5";"Автоматизация малого и среднего бизнеса: продажи, учет, производство, торговля и услуги";"прикладные сценарии по типам бизнеса";"магазин автоматизация бизнеса";"67"