keyword;frequency
автоматизация бизнеса;12 236
автоматизация бизнес процессов;6 461
системы автоматизации бизнеса;1 701
автоматизация управления бизнесом;1 218
система автоматизации бизнес процессов;1 118
компания автоматизация бизнеса;1 093
автоматизация бизнес технологий;1 026
бизнес автоматизации управления процесса;864
автоматизация бизнес решений;758
автоматизация информационного бизнеса;757
технологии автоматизации бизнес процессов;743
автоматизации бизнес процессов компании;735
задачи автоматизации бизнеса;689
автоматизация бизнес процессов внедрение;672
автоматизация бизнес анализа;652
автоматизации бизнес процессов предприятия;597
автоматизация бизнеса работа;579
ооо автоматизация бизнеса;554
автоматизация бизнеса 1с;546
автоматизация бизнес процессов решения;529
оптимизация автоматизация бизнеса;517
автоматизация организации бизнеса;514
автоматизация малого бизнеса;507
анализ автоматизации бизнес процессов;502
автоматизация бизнеса разработка;492
оптимизация бизнес процессов автоматизация;488
автоматизация учета бизнеса;466
автоматизация бизнес процессов организации;462
автоматизация бизнес процессов задачи;442
автоматизация систем управления бизнесом;432
автоматизация бизнеса помощь;415
платформа автоматизации бизнеса;406
автоматизация информационных систем бизнес процессов;402
автоматизация бизнес проектов;393
инструменты автоматизации бизнеса;375
1 автоматизация бизнес процессов;367
современная автоматизация бизнеса;364
разработка автоматизации бизнес процессов;350
бизнес автоматизация производства;342
эффективность автоматизации бизнес процессов;315
автоматизация бизнес моделирования;314
автоматизация моделирования бизнес процессов;310
автоматизация бизнес процесса клиента;290
автоматизация бизнеса сервис;282
автоматизация бизнеса краснодар;282
автоматизация бизнеса продажи;277
автоматизация и цифровизация бизнеса;277
цели автоматизации бизнес процессов;277
ai автоматизация бизнеса;276
проекты автоматизации бизнес процессов;276
платформы автоматизации бизнес процессов;270
цифровые технологии автоматизации бизнеса;268
комплексная автоматизация бизнеса;266
автоматизация основных бизнес процессов;262
ии автоматизация бизнес процессов;262
автоматизация бизнеса процессов 1с;261
crm автоматизация бизнеса;260
центр автоматизации бизнеса;253
инструменты автоматизации бизнес процессов;252
уровни автоматизации бизнеса;251
автоматизация бизнеса rpa;248
автоматизация бизнеса искусственный интеллект;246
erp автоматизация бизнеса;246
автоматизация бизнеса обучение;236
модель автоматизации бизнес процессов;231
автоматизация бизнес процессов производства;231
автоматизация и цифровая трансформация бизнеса;228
автоматизация бизнес аналитики;222
бизнес аналитика автоматизация;222
информационные системы для автоматизации бизнеса;222
ии автоматизация для бизнеса;222
услуга автоматизация бизнеса;220
интеграция и автоматизация бизнес процессов;219
системы автоматизации бизнес процессов предприятия;217
ит автоматизация бизнеса;216
автоматизация интернет бизнеса;209
автоматизация и цифровизация бизнес процессов;209
автоматизация бизнес процессов основы;207
автоматизация бизнес планирования;203
автоматизация бизнес процессов с помощью;198
разработка систем автоматизации бизнеса;197
варианты автоматизации бизнес процессов;191
автоматизация бизнес процессов обучение;186
уровень автоматизации бизнес процесса;185
технологии автоматизация бизнес компания;182
полная автоматизация бизнеса;181
автоматизация бизнеса 1 с;178
автоматизация реального бизнеса;176
автоматизация бизнес процессов позволяет;175
автоматизация бизнеса с помощью ии;175
автоматизация бизнеса специалисты;173
crm система автоматизация бизнеса;170
направления автоматизации бизнес процессов;169
автоматизация среднего бизнеса;169
рынок автоматизации бизнеса;165
боты автоматизации бизнеса;161
бизнес автоматизация оборудования;154
бизнес сфере автоматизации;152
автоматизация учета и управления бизнеса;151
автоматизация бизнес процессов управления предприятием;150
crm автоматизация бизнес процессов;150
моделирование анализ и автоматизация бизнес процессов;150
ооо система бизнес автоматизация;149
программа для автоматизации бизнеса;149
комплексная автоматизация бизнес процессов;146
облачная автоматизация бизнеса;146
автоматизация бизнеса онлайн;146
разработка систем автоматизации бизнес процессов;144
автоматизация гостиничного бизнеса;142
автоматизация корпоративных бизнес процессов;142
система автоматизации бизнес процессов организации;142
фирма автоматизация бизнеса;141
автоматизация бухгалтерского бизнеса;140
автоматизация бизнес процессов этапы;139
автоматизация бизнеса ростов;139
ит автоматизация бизнес процессов;139
средства автоматизации бизнеса;136
программное обеспечение автоматизации бизнес процессов;136
автоматизация бизнеса примеры;134
автоматизация бизнеса книга;134
автоматизация бизнес чата;133
автоматизация описания бизнес процессов;132
автоматизация бизнеса москва;131
автоматизация бизнеса преимущества;129
метод автоматизации бизнес процессов;129
бизнес план автоматизации;129
сервис автоматизации бизнес процессов;128
автоматизация бизнес приложений;127
бизнес процесс автоматизация бизнес планирования;126
автоматизация управленческих бизнес процессов;126
автоматизация документооборот бизнес процессы;125
автоматизация ресторанного бизнеса;125
автоматизация бизнес процессов продаж;123
заказ автоматизация бизнеса;123
автоматизация крупного бизнеса;119
автоматизация бизнеса сайт;118
автоматизация малого и среднего бизнеса;118
программное обеспечение для автоматизации бизнеса;115
автоматизация управления бизнес процессов компании;115
автоматизация бизнеса курс;114
автоматизация бизнес процессов определения;113
чат бот автоматизация бизнеса;112
автоматизация бизнеса статьи;111
виды автоматизации бизнеса;111
нужна автоматизация бизнеса;109
оптимизация и автоматизация процессов управления бизнесом;108
автоматизация внутренних бизнес процессов;107
crm системы автоматизация бизнес процессов;107
автоматизация бизнес процессов услуга;106
автоматизация бизнеса торговли;105
искусственный интеллект и автоматизация бизнес процессов;104
информационные системы автоматизации бизнес процессов предприятия;102
требования автоматизации бизнес процессов;101
реальная автоматизация малого бизнеса;100
рынок автоматизации бизнес процессов;100
современные системы автоматизации бизнеса;98
средства автоматизации бизнес процессов;95
информационные технологии автоматизации управления бизнес процессами;94
настройка автоматизация бизнеса;94
автоматизация бизнеса челябинск;93
автоматизация бизнес процессов предназначена для;93
автоматизация бизнес процесса пример;93
автоматизация вашего бизнеса;92
реальная автоматизация малого бизнеса 1с;92
что такое автоматизация бизнес процессов rpa;91
бизнес связанный с автоматизацией;91
автоматизация бизнеса и отчетности;91
автоматизация бизнеса инн;91
результаты автоматизации бизнес процессов;89
какие системы для автоматизации бизнеса;87
программы для автоматизации бизнес процессов;85
ai автоматизация бизнес процессов;83
выполнить автоматизацию бизнес процессов;82
системы комплексной автоматизации бизнес процессов;79
автоматизация бизнес процессов презентация;79
преимущества автоматизации бизнес процессов;77
автоматизация бизнеса иваново;77
руководитель автоматизации бизнес процессов;77
отькало автоматизация бизнес;76
управление проектами автоматизации бизнес процессов;76
автоматизация бизнеса битрикс;76
специалист по автоматизации бизнес процессов;75
проблемы автоматизации бизнес процессов;74
бизнес требования к автоматизации;73
автоматизация бизнес процессов в логистике;72
автоматизация бизнеса россия;72
подходы к автоматизации бизнес процессов;71
автоматизация бизнеса сочи;71
комплексная автоматизация бизнеса решение;70
автоматизация бизнес процессов приложения;70
автоматизация бизнеса ооо процесс;70
автоматизация бизнеса телефон;69
автоматизация бизнеса под ключ;69
автоматизация бизнес процессов битрикс;69
бизнес автоматизация отзывы;68
автоматизация бизнес процессов отькало;68
опыт автоматизации бизнес процессов;68
автоматизация любого бизнеса;68
автоматизация бизнеса нейросети;67
магазин автоматизация бизнеса;67